nama_file,kelas,split,frame,sumber_frame,bbox_xyxy,tanggal,kondisi_cahaya,sesi,kamera
"ball/ball_20260924_netral_001.jpg,ball,train,1530,1530_jpg.rf.4ed73f20b826b4117fabba13b3dca6f2.jpg,""342,420,368,450"",2026-09-24,netral,BRAIL-24Sep,e-con See3CAM_CU135 (kepala robot)"
"rim/rim_20260924_netral_001.jpg,rim,train,1530,1530_jpg.rf.4ed73f20b826b4117fabba13b3dca6f2.jpg,""371,253,401,317"",2026-09-24,netral,BRAIL-24Sep,e-con See3CAM_CU135 (kepala robot)"
"backboard/backboard_20260924_netral_001.jpg,backboard,train,1530,1530_jpg.rf.4ed73f20b826b4117fabba13b3dca6f2.jpg,""359,184,424,278"",2026-09-24,netral,BRAIL-24Sep,e-con See3CAM_CU135 (kepala robot)"
"latar/latar_20260924_netral_001.jpg,latar,train,1530,1530_jpg.rf.4ed73f20b826b4117fabba13b3dca6f2.jpg,""265,261,304,324"",2026-09-24,netral,BRAIL-24Sep,e-con See3CAM_CU135 (kepala robot)"
"rim/rim_20260924_netral_002.jpg,rim,train,1531,1531_jpg.rf.0c98cdfeee490a4a68279e6ad1033e0e.jpg,""365,250,405,314"",2026-09-24,netral,BRAIL-24Sep,e-con See3CAM_CU135 (kepala robot)"
"backboard/backboard_20260924_netral_002.jpg,backboard,train,1531,1531_jpg.rf.0c98cdfeee490a4a68279e6ad1033e0e.jpg,""358,185,421,273"",2026-09-24,netral,BRAIL-24Sep,e-con See3CAM_CU135 (kepala robot)"
"ball/ball_20260924_netral_002.jpg,ball,train,1531,1531_jpg.rf.0c98cdfeee490a4a68279e6ad1033e0e.jpg,""341,420,367,450"",2026-09-24,netral,BRAIL-24Sep,e-con See3CAM_CU135 (kepala robot)"
"latar/latar_20260924_netral_002.jpg,latar,train,1531,1531_jpg.rf.0c98cdfeee490a4a68279e6ad1033e0e.jpg,""310,244,372,349"",2026-09-24,netral,BRAIL-24Sep,e-con See3CAM_CU135 (kepala robot)"
"ball/ball_20260924_netral_003.jpg,ball,train,1532,1532_jpg.rf.8e2a8960951765c324dd963e895007ca.jpg,""343,420,367,451"",2026-09-24,netral,BRAIL-24Sep,e-con See3CAM_CU135 (kepala robot)"
"rim/rim_20260924_netral_003.jpg,rim,train,1532,1532_jpg.rf.8e2a8960951765c324dd963e895007ca.jpg,""369,253,406,317"",2026-09-24,netral,BRAIL-24Sep,e-con See3CAM_CU135 (kepala robot)"
"backboard/backboard_20260924_netral_003.jpg,backboard,train,1532,1532_jpg.rf.8e2a8960951765c324dd963e895007ca.jpg,""357,183,424,275"",2026-09-24,netral,BRAIL-24Sep,e-con See3CAM_CU135 (kepala robot)"
"latar/latar_20260924_netral_003.jpg,latar,train,1532,1532_jpg.rf.8e2a8960951765c324dd963e895007ca.jpg,""516,71,560,153"",2026-09-24,netral,BRAIL-24Sep,e-con See3CAM_CU135 (kepala robot)"
"rim/rim_20260924_netral_004.jpg,rim,train,1533,1533_jpg.rf.f26c712279e75ac71cbbea49522676f0.jpg,""358,185,422,275"",2026-09-24,netral,BRAIL-24Sep,e-con See3CAM_CU135 (kepala robot)"
"rim/rim_20260924_netral_005.jpg,rim,train,1533,1533_jpg.rf.f26c712279e75ac71cbbea49522676f0.jpg,""369,252,405,316"",2026-09-24,netral,BRAIL-24Sep,e-con See3CAM_CU135 (kepala robot)"
"ball/ball_20260924_netral_004.jpg,ball,train,1533,1533_jpg.rf.f26c712279e75ac71cbbea49522676f0.jpg,""342,418,367,452"",2026-09-24,netral,BRAIL-24Sep,e-con See3CAM_CU135 (kepala robot)"
"latar/latar_20260924_netral_004.jpg,latar,train,1533,1533_jpg.rf.f26c712279e75ac71cbbea49522676f0.jpg,""256,272,288,322"",2026-09-24,netral,BRAIL-24Sep,e-con See3CAM_CU135 (kepala robot)"
"backboard/backboard_20260924_netral_004.jpg,backboard,train,1534,1534_jpg.rf.b572d027739b4bb0f7462f6c840e0239.jpg,""358,183,422,276"",2026-09-24,netral,BRAIL-24Sep,e-con See3CAM_CU135 (kepala robot)"
"rim/rim_20260924_netral_006.jpg,rim,train,1534,1534_jpg.rf.b572d027739b4bb0f7462f6c840e0239.jpg,""366,253,406,314"",2026-09-24,netral,BRAIL-24Sep,e-con See3CAM_CU135 (kepala robot)"
"ball/ball_20260924_netral_005.jpg,ball,train,1534,1534_jpg.rf.b572d027739b4bb0f7462f6c840e0239.jpg,""343,419,368,450"",2026-09-24,netral,BRAIL-24Sep,e-con See3CAM_CU135 (kepala robot)"
"latar/latar_20260924_netral_005.jpg,latar,train,1534,1534_jpg.rf.b572d027739b4bb0f7462f6c840e0239.jpg,""317,50,350,92"",2026-09-24,netral,BRAIL-24Sep,e-con See3CAM_CU135 (kepala robot)"
"ball/ball_20260924_netral_006.jpg,ball,train,1535,1535_jpg.rf.1a5c356f3a4dfd7486738d1d2672e559.jpg,""338,273,364,332"",2026-09-24,netral,BRAIL-24Sep,e-con See3CAM_CU135 (kepala robot)"
"backboard/backboard_20260924_netral_005.jpg,backboard,train,1535,1535_jpg.rf.1a5c356f3a4dfd7486738d1d2672e559.jpg,""360,33,425,155"",2026-09-24,netral,BRAIL-24Sep,e-con See3CAM_CU135 (kepala robot)"
"latar/latar_20260924_netral_006.jpg,latar,train,1535,1535_jpg.rf.1a5c356f3a4dfd7486738d1d2672e559.jpg,""483,286,519,354"",2026-09-24,netral,BRAIL-24Sep,e-con See3CAM_CU135 (kepala robot)"
"backboard/backboard_20260924_netral_006.jpg,backboard,train,1536,1536_jpg.rf.278b00a8297b03db0f2f8fee10a6fdbc.jpg,""398,39,462,149"",2026-09-24,netral,BRAIL-24Sep,e-con See3CAM_CU135 (kepala robot)"
"rim/rim_20260924_netral_007.jpg,rim,train,1536,1536_jpg.rf.278b00a8297b03db0f2f8fee10a6fdbc.jpg,""403,117,438,178"",2026-09-24,netral,BRAIL-24Sep,e-con See3CAM_CU135 (kepala robot)"
"ball/ball_20260924_netral_007.jpg,ball,train,1536,1536_jpg.rf.278b00a8297b03db0f2f8fee10a6fdbc.jpg,""368,279,392,323"",2026-09-24,netral,BRAIL-24Sep,e-con See3CAM_CU135 (kepala robot)"
"latar/latar_20260924_netral_007.jpg,latar,train,1536,1536_jpg.rf.278b00a8297b03db0f2f8fee10a6fdbc.jpg,""209,282,270,378"",2026-09-24,netral,BRAIL-24Sep,e-con See3CAM_CU135 (kepala robot)"
"ball/ball_20260924_netral_008.jpg,ball,train,1537,1537_jpg.rf.cd625d9cbccac081c5a483bf89a731d7.jpg,""467,332,494,366"",2026-09-24,netral,BRAIL-24Sep,e-con See3CAM_CU135 (kepala robot)"
"rim/rim_20260924_netral_008.jpg,rim,train,1537,1537_jpg.rf.cd625d9cbccac081c5a483bf89a731d7.jpg,""521,173,566,244"",2026-09-24,netral,BRAIL-24Sep,e-con See3CAM_CU135 (kepala robot)"
"backboard/backboard_20260924_netral_007.jpg,backboard,train,1537,1537_jpg.rf.cd625d9cbccac081c5a483bf89a731d7.jpg,""518,98,598,216"",2026-09-24,netral,BRAIL-24Sep,e-con See3CAM_CU135 (kepala robot)"
"latar/latar_20260924_netral_008.jpg,latar,train,1537,1537_jpg.rf.cd625d9cbccac081c5a483bf89a731d7.jpg,""63,280,111,353"",2026-09-24,netral,BRAIL-24Sep,e-con See3CAM_CU135 (kepala robot)"
"ball/ball_20260924_netral_009.jpg,ball,train,1538,1538_jpg.rf.d04b4152207d38b11dcfc3fdc3a68317.jpg,""451,320,477,352"",2026-09-24,netral,BRAIL-24Sep,e-con See3CAM_CU135 (kepala robot)"
"rim/rim_20260924_netral_009.jpg,rim,train,1538,1538_jpg.rf.d04b4152207d38b11dcfc3fdc3a68317.jpg,""501,161,544,231"",2026-09-24,netral,BRAIL-24Sep,e-con See3CAM_CU135 (kepala robot)"
"backboard/backboard_20260924_netral_008.jpg,backboard,train,1538,1538_jpg.rf.d04b4152207d38b11dcfc3fdc3a68317.jpg,""497,84,571,197"",2026-09-24,netral,BRAIL-24Sep,e-con See3CAM_CU135 (kepala robot)"
"latar/latar_20260924_netral_009.jpg,latar,train,1538,1538_jpg.rf.d04b4152207d38b11dcfc3fdc3a68317.jpg,""1,313,25,356"",2026-09-24,netral,BRAIL-24Sep,e-con See3CAM_CU135 (kepala robot)"
"backboard/backboard_20260924_netral_009.jpg,backboard,train,1539,1539_jpg.rf.ae851e92d37d71c0917647286cf75aaf.jpg,""447,69,526,165"",2026-09-24,netral,BRAIL-24Sep,e-con See3CAM_CU135 (kepala robot)"
"rim/rim_20260924_netral_010.jpg,rim,train,1539,1539_jpg.rf.ae851e92d37d71c0917647286cf75aaf.jpg,""457,142,496,204"",2026-09-24,netral,BRAIL-24Sep,e-con See3CAM_CU135 (kepala robot)"
"ball/ball_20260924_netral_010.jpg,ball,train,1539,1539_jpg.rf.ae851e92d37d71c0917647286cf75aaf.jpg,""412,303,438,333"",2026-09-24,netral,BRAIL-24Sep,e-con See3CAM_CU135 (kepala robot)"
"latar/latar_20260924_netral_010.jpg,latar,train,1539,1539_jpg.rf.ae851e92d37d71c0917647286cf75aaf.jpg,""333,360,384,418"",2026-09-24,netral,BRAIL-24Sep,e-con See3CAM_CU135 (kepala robot)"
"backboard/backboard_20260924_netral_010.jpg,backboard,train,1540,1540_jpg.rf.43991034ab43c6d54b6735460751210c.jpg,""398,42,475,150"",2026-09-24,netral,BRAIL-24Sep,e-con See3CAM_CU135 (kepala robot)"
"rim/rim_20260924_netral_011.jpg,rim,train,1540,1540_jpg.rf.43991034ab43c6d54b6735460751210c.jpg,""408,116,450,182"",2026-09-24,netral,BRAIL-24Sep,e-con See3CAM_CU135 (kepala robot)"
"ball/ball_20260924_netral_011.jpg,ball,train,1540,1540_jpg.rf.43991034ab43c6d54b6735460751210c.jpg,""376,282,400,314"",2026-09-24,netral,BRAIL-24Sep,e-con See3CAM_CU135 (kepala robot)"
"latar/latar_20260924_netral_011.jpg,latar,train,1540,1540_jpg.rf.43991034ab43c6d54b6735460751210c.jpg,""244,72,308,184"",2026-09-24,netral,BRAIL-24Sep,e-con See3CAM_CU135 (kepala robot)"
"ball/ball_20260924_netral_012.jpg,ball,train,1541,1541_jpg.rf.245ff4518d60754667f92d7c0ee352e7.jpg,""345,223,376,256"",2026-09-24,netral,BRAIL-24Sep,e-con See3CAM_CU135 (kepala robot)"
"rim/rim_20260924_netral_012.jpg,rim,train,1541,1541_jpg.rf.245ff4518d60754667f92d7c0ee352e7.jpg,""378,56,412,120"",2026-09-24,netral,BRAIL-24Sep,e-con See3CAM_CU135 (kepala robot)"
"backboard/backboard_20260924_netral_011.jpg,backboard,train,1541,1541_jpg.rf.245ff4518d60754667f92d7c0ee352e7.jpg,""363,0,437,89"",2026-09-24,netral,BRAIL-24Sep,e-con See3CAM_CU135 (kepala robot)"
"latar/latar_20260924_netral_012.jpg,latar,train,1541,1541_jpg.rf.245ff4518d60754667f92d7c0ee352e7.jpg,""327,260,401,334"",2026-09-24,netral,BRAIL-24Sep,e-con See3CAM_CU135 (kepala robot)"
"ball/ball_20260924_netral_013.jpg,ball,train,1542,1542_jpg.rf.6dab887719225c6eeb8f827d0cf32f2c.jpg,""306,150,333,194"",2026-09-24,netral,BRAIL-24Sep,e-con See3CAM_CU135 (kepala robot)"
"rim/rim_20260924_netral_013.jpg,rim,train,1542,1542_jpg.rf.6dab887719225c6eeb8f827d0cf32f2c.jpg,""325,0,361,43"",2026-09-24,netral,BRAIL-24Sep,e-con See3CAM_CU135 (kepala robot)"
